{
  "train_loss": [
    0.980214499520936,
    0.7862465242376975,
    0.5337364974849744,
    0.4114227406995275,
    0.3588759339466895,
    0.3312008115247287,
    0.31319199567142536,
    0.3018713112635131,
    0.2938843069030007,
    0.2874794667328963,
    0.2822154530050315,
    0.27764013058028764,
    0.27364837269966363,
    0.26994526302054017,
    0.26655566225307453,
    0.2635731459393155,
    0.26077664470554546,
    0.25844002680670164,
    0.2562355325776219,
    0.2543411217033082,
    0.2528534772017243,
    0.2515939137408173,
    0.25066254261263665,
    0.24996837901107222,
    0.2495377359213511
  ],
  "lr": [
    5.9999999999999995e-05,
    0.00011999999999999999,
    0.00017999999999999998,
    0.00023999999999999998,
    0.0003,
    0.00029824558853480714,
    0.0002930255535720594,
    0.00028446842969684236,
    0.00027278492169842996,
    0.00025826271631908303,
    0.0002412593984516774,
    0.0002221936462128854,
    0.00020153492169843002,
    0.0001797919112682329,
    0.00015749999999999998,
    0.00013520808873176705,
    0.00011346507830156998,
    9.280635378711457e-05,
    7.374060154832258e-05,
    5.6737283680916976e-05,
    4.221507830157e-05,
    3.053157030315759e-05,
    2.197444642794062e-05,
    1.6754411465192883e-05,
    1.4999999999999999e-05
  ],
  "pearson_per_subject": {
    "CSI1": 0.12428297102451324,
    "CSI2": 0.03471975773572922,
    "CSI3": 0.08119902014732361,
    "CSI4": 0.06944466382265091
  },
  "mean_pearson": 0.07741160318255424,
  "best_epoch": 25,
  "best_train_loss": 0.2495377359213511
}